{"nodes":{"node:10000":{"location":{"x":-264,"y":44}},"node:10003":{"location":{"x":-541,"y":32}},"node:10008":{"location":{"x":-814,"y":-68}}},"selection":null,"view":{"scroll":{"x":-860.4151611328125,"y":-135.971725463867188},"zoom":1}}