{"nodes":{"node:10000":{"location":{"x":-61732,"y":220}},"node:10002":{"location":{"x":-61918,"y":204}}},"selection":null,"view":{"scroll":{"x":-46645.03515625,"y":-59.2479934692382812},"zoom":0.749999940395355225}}