{"nodes":{"node:10000":{"location":{"x":-936,"y":44}},"node:10003":{"group_size":{"x":720,"y":425},"location":{"x":-1166,"y":-96}},"node:10010":{"location":{"x":-1037,"y":220}}},"selection":null,"view":{"scroll":{"x":-1500.62255859375,"y":-168.157028198242188},"zoom":1}}