{"nodes":{"node:10000":{"location":{"x":-252,"y":220}},"node:10004":{"location":{"x":-300,"y":351}},"node:10009":{"location":{"x":-238,"y":504}},"node:10015":{"location":{"x":71,"y":80}},"node:10019":{"location":{"x":168,"y":316}},"node:10026":{"location":{"x":1028,"y":329}},"node:10029":{"location":{"x":1204,"y":458}},"node:10031":{"location":{"x":868,"y":538}},"node:10033":{"group_size":{"x":300,"y":200},"location":{"x":112,"y":576}},"node:10034":{"group_size":{"x":300,"y":200},"location":{"x":800,"y":224}},"node:10035":{"location":{"x":366,"y":652}},"node:10039":{"location":{"x":144,"y":652}},"node:10043":{"location":{"x":-348,"y":698}},"node:10045":{"location":{"x":-69,"y":652}},"node:10049":{"location":{"x":500,"y":-70}},"node:10052":{"location":{"x":500,"y":42}}},"selection":null,"view":{"scroll":{"x":-407.795135498046875,"y":127.879791259765625},"zoom":1}}