{"nodes":null,"selection":null,"view":{"scroll":{"x":-26526.169921875,"y":788.47369384765625},"zoom":1.49999988079071045}}