{"nodes":{"node:10000":{"location":{"x":440,"y":144}},"node:10003":{"location":{"x":146,"y":140}},"node:10011":{"location":{"x":146,"y":340}}},"selection":null,"view":{"scroll":{"x":67.9983978271484375,"y":41.3013725280761719},"zoom":1.25}}