{"nodes":{"node:10000":{"location":{"x":0,"y":0}},"node:10002":{"location":{"x":-456,"y":-80}}},"selection":null,"view":{"scroll":{"x":-658.098388671875,"y":-265.38580322265625},"zoom":1}}